,q1,q2,q3,q4,q5,q6,q7,q8,q9,Science,Maths,Eng
0,1,1,1,1,0,1,0,1,1,0,0,0
1,0,1,1,1,0,0,0,1,0,0,1,1
2,0,1,0,1,1,1,1,0,0,1,0,1
3,0,0,1,0,1,1,0,1,0,1,0,1
4,1,0,1,0,1,1,1,0,0,0,0,1
5,0,0,0,0,0,1,0,1,1,1,1,0
6,1,0,1,0,0,1,1,0,1,0,1,0
7,1,0,0,0,1,0,1,0,1,1,1,0
8,1,1,1,1,0,1,1,0,1,0,0,0
9,0,0,0,1,1,1,0,1,1,1,0,0
10,0,1,1,0,1,0,0,0,0,0,1,1
11,1,0,1,0,0,1,0,1,0,0,1,1
12,1,0,1,0,1,0,1,1,0,0,1,0
13,0,0,0,1,1,1,0,1,0,1,0,1
14,1,1,1,1,0,0,0,0,1,0,1,1
15,1,1,0,0,1,1,0,0,0,0,0,1
16,0,0,1,1,1,0,1,0,0,1,0,1
17,0,0,0,0,0,0,1,1,0,1,1,0
18,0,1,1,1,1,1,0,1,0,0,0,1
19,1,1,1,0,0,1,1,1,0,0,1,0
20,1,1,1,0,1,0,1,1,1,0,1,0
21,0,0,0,1,0,0,1,0,0,1,1,1
22,0,0,1,1,1,1,1,0,0,1,0,1
23,0,0,1,0,0,1,0,0,1,1,1,1
24,1,0,0,0,0,1,1,0,0,1,1,1
25,0,1,1,1,1,1,1,0,0,0,0,1
26,1,0,1,0,0,1,0,1,1,0,1,0
27,0,1,0,1,1,0,1,1,0,1,0,0
28,0,1,1,0,1,0,0,1,0,0,1,1
29,0,0,0,0,0,1,1,1,1,1,1,0
30,1,1,1,0,0,0,1,0,1,0,1,0
31,0,0,1,1,1,1,0,0,1,1,0,1
32,1,1,0,0,1,0,1,0,1,0,1,0
33,0,1,0,1,1,0,1,1,1,1,0,0
34,0,1,0,0,1,0,1,0,1,1,1,0
35,0,1,0,0,1,0,0,0,0,1,1,1
36,1,1,1,0,1,0,0,0,0,0,1,1
37,1,0,1,0,1,0,1,0,1,0,1,0
38,1,0,0,1,0,0,1,0,0,1,1,1
39,1,1,0,1,1,0,0,1,1,0,0,0
40,1,0,1,1,1,0,1,1,0,0,0,0
41,1,0,1,1,0,0,0,0,0,0,1,1
42,1,0,1,0,1,0,1,0,1,0,1,0
43,0,1,1,1,0,0,0,1,0,0,1,1
44,0,1,0,1,0,1,1,0,1,1,0,0
45,0,0,0,0,1,0,1,1,0,1,1,0
46,0,0,0,1,0,1,0,0,0,1,0,1
47,0,0,1,0,1,1,1,0,0,1,0,1
48,1,0,0,0,1,0,0,0,1,1,1,1
49,0,1,0,1,1,0,1,1,0,1,0,0
50,1,1,1,0,0,1,0,1,0,0,1,1
51,0,1,1,1,1,0,1,0,1,0,0,0
52,0,0,0,1,1,0,0,0,0,1,0,1
53,1,0,0,0,0,1,1,0,0,1,1,1
54,1,1,0,1,0,1,1,0,0,0,0,1
55,1,1,0,1,0,0,1,1,1,0,1,0
56,1,1,1,1,0,1,0,1,1,0,0,0
57,1,1,1,0,1,1,1,0,0,0,0,1
58,1,0,0,1,1,1,0,1,1,1,0,0
59,0,1,0,0,1,0,0,1,1,1,1,0
60,0,1,1,1,0,0,0,1,0,0,1,1
61,1,0,0,1,1,1,0,1,0,1,0,1
62,1,0,1,1,1,1,0,0,1,0,0,1
63,0,0,0,0,1,0,1,0,0,1,1,1
64,1,1,1,1,0,1,1,1,0,0,0,0
65,1,1,0,0,1,0,1,0,0,0,1,1
66,1,1,0,0,1,0,1,0,1,0,1,0
67,0,1,0,0,0,0,1,1,0,1,1,0
68,1,1,1,1,0,1,0,0,0,0,0,1
69,0,0,0,1,1,1,1,1,0,1,0,0
70,1,1,0,0,1,1,1,1,1,0,0,0
71,1,1,0,0,0,0,1,1,1,0,1,0
72,1,0,1,0,1,0,0,0,1,0,1,1
73,1,1,1,1,1,0,1,0,0,0,0,1
74,0,1,1,1,0,0,0,0,1,0,1,1
75,1,0,0,0,0,1,0,1,1,1,1,0
76,0,0,1,1,1,0,1,1,1,1,0,0
77,1,0,1,0,1,1,0,1,0,0,0,1
78,1,0,0,0,0,0,1,0,0,1,1,1
79,0,0,1,1,1,1,1,0,1,1,0,0
80,0,0,0,0,0,0,1,0,0,1,1,1
81,0,0,1,1,1,1,1,1,1,1,0,0
82,0,0,1,0,0,1,0,0,1,1,1,1
83,0,1,1,0,0,0,1,1,1,0,1,0
84,1,1,1,1,1,0,0,0,0,0,0,1
85,0,0,1,1,1,1,0,0,1,1,0,1
86,1,1,0,0,1,0,0,0,0,0,1,1
87,0,1,1,1,1,0,0,1,0,0,0,1
88,0,0,0,1,0,0,0,1,0,1,1,1
89,0,1,1,1,1,0,0,1,1,0,0,0
90,1,1,0,1,0,0,0,0,0,0,1,1
91,0,1,0,0,1,0,1,0,0,1,1,1
92,1,0,0,0,1,1,1,1,1,1,0,0
93,1,0,0,1,1,0,1,0,0,1,0,1
94,0,1,0,1,1,0,1,1,0,1,0,0
95,1,0,1,0,1,0,0,0,0,0,1,1
96,0,1,0,0,1,1,1,1,1,1,0,0
97,0,1,0,0,0,0,0,1,1,1,1,0
98,0,0,1,1,1,1,0,1,1,1,0,0
99,1,1,0,1,1,1,0,1,0,0,0,1
100,1,1,1,0,0,0,0,1,0,0,1,1
101,1,0,1,0,1,1,1,0,1,0,0,0
102,0,1,1,0,0,0,0,0,0,0,1,1
103,0,0,0,0,1,1,1,1,1,1,0,0
104,0,0,0,0,0,1,1,0,0,1,1,1
105,0,1,1,1,1,1,1,1,0,0,0,0
106,1,0,0,1,0,0,1,0,0,1,1,1
107,1,1,0,1,1,0,1,1,1,0,0,0
108,0,0,1,0,0,0,0,1,1,1,1,0
109,0,0,1,0,0,0,1,0,0,1,1,1
110,1,1,0,0,0,0,0,1,1,0,1,0
111,0,0,0,1,1,1,1,1,1,1,0,0
112,0,1,1,1,1,1,0,1,1,0,0,0
113,0,0,1,1,0,1,1,0,0,1,0,1
114,1,1,1,0,0,0,1,0,0,0,1,1
115,1,0,0,0,0,1,0,0,1,1,1,1
116,1,1,0,0,0,0,0,1,1,0,1,0
117,1,1,0,1,0,1,0,1,0,0,0,1
118,1,1,1,0,0,0,1,0,0,0,1,1
119,1,1,1,0,0,0,0,1,1,0,1,0
120,1,1,0,0,1,0,1,1,0,0,1,0
121,1,1,0,1,0,1,1,0,1,0,0,0
122,1,1,0,0,1,1,0,1,1,0,0,0
123,1,1,1,1,0,1,0,0,1,0,0,1
124,0,0,0,1,0,1,1,1,0,1,0,0
125,0,0,0,0,0,1,1,1,1,1,1,0
126,1,0,0,0,1,0,1,0,1,1,1,0
127,1,1,0,0,1,0,0,0,1,0,1,1
128,0,0,1,1,0,1,0,0,1,1,0,1
129,0,1,0,0,0,0,0,1,1,1,1,0
130,1,1,1,1,1,0,1,0,1,0,0,0
131,1,1,1,1,1,0,1,1,1,0,0,0
132,1,0,0,0,1,0,0,1,0,1,1,1
133,0,1,0,0,1,0,0,1,0,1,1,1
134,1,1,1,1,1,1,1,1,1,0,0,0
135,0,0,1,0,0,0,0,1,0,1,1,1
136,0,0,0,1,1,0,1,1,1,1,0,0
137,0,1,1,1,1,1,1,0,1,0,0,0
138,0,1,0,1,1,0,0,0,0,1,0,1
139,0,0,0,1,0,1,1,0,0,1,0,1
140,0,1,1,1,0,1,0,1,0,0,0,1
141,0,0,1,1,1,0,0,1,0,1,0,1
142,1,0,1,0,0,0,1,0,0,0,1,1
143,0,1,1,0,1,1,0,1,1,0,0,0
144,1,1,1,1,1,0,0,0,0,0,0,1
145,1,0,0,0,0,1,1,1,1,1,1,0
146,0,1,0,1,0,0,0,0,0,1,1,1
147,0,1,1,1,1,1,1,0,1,0,0,0
148,1,0,0,1,0,1,1,1,0,1,0,0
149,0,1,1,0,0,1,1,1,0,0,1,0
150,1,0,1,1,0,1,1,0,1,0,0,0
151,0,0,0,1,0,1,0,0,0,1,0,1
152,1,0,1,1,0,1,0,0,1,0,0,1
153,0,1,0,1,0,0,0,1,0,1,1,1
154,0,0,1,1,0,1,0,0,1,1,0,1
155,0,1,1,1,0,0,0,0,0,0,1,1
156,0,0,1,0,1,1,1,0,0,1,0,1
157,1,0,1,0,0,1,1,0,1,0,1,0
158,1,1,1,1,0,0,1,1,1,0,1,0
159,1,0,0,1,0,0,0,1,1,1,1,0
160,0,0,0,0,0,1,1,0,1,1,1,0
161,0,0,1,1,1,0,0,0,0,1,0,1
162,0,1,0,1,0,1,0,1,1,1,0,0
163,1,1,1,0,1,0,1,1,1,0,1,0
164,0,1,0,1,1,0,1,1,1,1,0,0
165,1,1,1,0,1,0,0,0,1,0,1,1
166,1,0,0,1,0,0,1,0,0,1,1,1
167,0,1,1,1,1,1,0,0,0,0,0,1
168,0,1,0,0,0,1,0,0,1,1,1,1
169,0,1,1,0,1,0,0,1,0,0,1,1
170,1,0,1,1,0,0,0,0,0,0,1,1
171,0,1,0,0,1,0,0,0,1,1,1,1
172,1,0,0,1,1,1,0,0,1,1,0,1
173,0,1,1,1,1,1,1,1,1,0,0,0
174,1,0,1,0,0,0,1,1,0,0,1,0
175,0,1,1,1,0,0,0,0,1,0,1,1
176,1,0,1,1,0,0,0,0,0,0,1,1
177,1,1,1,0,1,1,1,1,0,0,0,0
178,0,0,0,1,1,1,1,1,0,1,0,0
179,0,1,0,1,0,0,1,1,1,1,1,0
180,1,0,0,0,0,0,1,0,0,1,1,1
181,0,0,0,1,0,0,0,0,1,1,1,1
182,0,0,0,1,1,0,1,0,1,1,0,0
183,1,1,0,0,0,0,1,1,0,0,1,0
184,1,1,1,0,0,0,0,1,0,0,1,1
185,1,0,1,1,1,1,1,1,0,0,0,0
186,0,0,1,1,0,0,0,1,0,1,1,1
187,0,1,0,1,0,1,1,1,0,1,0,0
188,0,0,1,0,1,0,0,1,0,1,1,1
189,1,0,1,0,1,0,1,0,1,0,1,0
190,1,1,1,0,1,0,1,1,0,0,1,0
191,1,0,0,0,1,1,0,1,1,1,0,0
192,1,1,1,0,1,1,0,1,0,0,0,1
193,0,1,1,0,0,1,0,1,1,0,1,0
194,0,1,1,0,1,0,0,1,0,0,1,1
195,1,1,1,1,0,0,1,0,0,0,1,1
196,1,0,1,1,1,0,0,0,1,0,0,1
197,1,1,0,0,1,0,0,1,0,0,1,1
198,0,0,0,0,0,0,1,1,1,1,1,0
199,1,0,1,1,1,0,0,0,1,0,0,1
200,0,1,0,1,0,1,0,1,1,1,0,0
201,1,0,1,0,1,0,1,1,0,0,1,0
202,1,1,0,0,1,0,1,0,1,0,1,0
203,1,0,1,0,0,0,1,1,1,0,1,0
204,0,1,1,1,0,0,0,0,1,0,1,1
205,1,1,0,1,0,1,0,1,1,0,0,0
206,1,0,1,1,1,1,0,0,0,0,0,1
207,0,1,1,0,0,1,0,0,0,0,1,1
208,0,1,0,0,1,1,1,1,0,1,0,0
209,0,1,1,1,0,0,1,1,1,0,1,0
210,1,1,0,0,0,0,0,0,0,0,1,1
211,0,1,0,0,1,0,1,1,0,1,1,0
212,0,0,1,1,0,1,1,0,0,1,0,1
213,1,0,1,0,1,1,0,1,1,0,0,0
214,0,1,0,1,1,1,0,1,0,1,0,1
215,1,1,1,0,1,0,1,0,1,0,1,0
216,0,0,0,1,0,0,0,0,0,1,1,1
217,1,0,0,0,1,0,1,1,0,1,1,0
218,0,1,1,0,1,1,1,1,1,0,0,0
219,0,0,0,0,0,1,1,0,0,1,1,1
220,1,0,0,1,1,1,0,0,1,1,0,1
221,1,0,1,1,1,0,1,1,0,0,0,0
222,1,0,0,1,1,1,1,1,0,1,0,0
223,0,0,0,1,0,1,0,1,0,1,0,1
224,0,1,1,1,1,0,0,1,0,0,0,1
225,1,0,0,0,0,1,0,1,1,1,1,0
226,1,1,0,1,0,0,1,0,0,0,1,1
227,1,0,0,1,1,1,1,1,1,1,0,0
228,0,0,1,1,0,0,0,0,1,1,1,1
229,1,1,0,0,0,0,1,0,0,0,1,1
230,0,0,0,1,1,0,1,1,1,1,0,0
231,0,0,1,1,1,1,1,0,0,1,0,1
232,1,1,1,1,1,0,1,0,0,0,0,1
233,0,1,1,1,0,0,0,0,0,0,1,1
234,0,1,1,0,0,0,1,0,1,0,1,0
235,1,1,1,1,1,1,0,1,0,0,0,1
236,0,1,0,0,1,1,1,0,0,1,0,1
237,0,1,1,1,1,0,1,1,0,0,0,0
238,1,0,1,0,0,0,1,0,1,0,1,0
239,0,1,1,0,1,1,1,0,1,0,0,0
240,1,0,0,1,0,0,0,1,0,1,1,1
241,0,0,0,0,0,1,0,0,0,1,1,1
242,0,1,1,1,1,1,1,1,1,0,0,0
243,0,1,0,1,1,1,1,1,0,1,0,0
244,1,1,1,1,1,1,0,1,1,0,0,0
245,1,1,0,0,1,1,1,1,1,0,0,0
246,1,1,1,1,0,0,0,1,0,0,1,1
247,1,0,1,0,1,1,1,0,1,0,0,0
248,0,1,0,0,1,0,0,0,0,1,1,1
249,1,0,1,0,0,0,1,1,0,0,1,0
250,1,0,0,1,0,0,1,1,0,1,1,0
251,0,1,0,0,1,0,1,1,1,1,1,0
252,0,1,0,1,1,0,1,1,1,1,0,0
253,0,1,1,0,1,1,1,1,1,0,0,0
254,1,1,0,0,1,1,1,1,0,0,0,0
255,0,0,1,0,0,1,1,0,0,1,1,1
256,0,0,0,0,1,0,1,1,0,1,1,0
257,0,0,0,0,1,0,0,1,1,1,1,0
258,1,0,1,1,1,0,1,0,1,0,0,0
259,1,0,0,1,1,1,1,0,0,1,0,1
260,1,1,1,1,1,1,0,0,1,0,0,1
261,1,1,1,0,0,0,1,0,0,0,1,1
262,0,0,1,1,1,1,0,0,0,1,0,1
263,0,0,0,1,1,1,0,0,1,1,0,1
264,0,1,1,1,0,0,0,1,0,0,1,1
265,0,0,1,1,1,1,0,0,0,1,0,1
266,1,0,0,1,0,0,1,1,0,1,1,0
267,1,0,0,0,0,0,1,1,0,1,1,0
268,1,0,0,1,0,0,0,0,0,1,1,1
269,1,0,1,0,0,0,0,1,1,0,1,0
270,1,0,1,1,0,0,1,0,0,0,1,1
271,1,1,1,1,0,1,0,0,1,0,0,1
272,0,1,0,1,0,1,1,0,0,1,0,1
273,0,0,1,1,0,1,1,0,0,1,0,1
274,1,0,0,0,1,0,0,0,1,1,1,1
275,0,0,0,1,0,0,1,1,0,1,1,0
276,0,0,0,1,0,0,1,0,1,1,1,0
277,1,1,1,0,0,0,0,0,1,0,1,1
278,1,1,1,0,0,1,1,0,0,0,1,1
279,0,1,0,1,0,1,1,1,0,1,0,0
280,1,1,1,0,1,0,1,1,0,0,1,0
281,1,0,1,1,1,0,0,0,0,0,0,1
282,1,1,1,1,0,1,0,1,1,0,0,0
283,0,1,1,0,0,0,0,1,1,0,1,0
284,0,1,0,1,1,0,0,1,0,1,0,1
285,1,1,0,1,0,0,1,0,1,0,1,0
286,0,1,1,0,1,0,1,0,1,0,1,0
287,1,0,0,0,0,0,1,1,1,1,1,0
288,1,1,1,1,0,0,1,0,0,0,1,1
289,1,0,1,1,0,1,1,0,0,0,0,1
290,1,1,0,1,0,0,0,1,1,0,1,0
291,1,0,1,0,0,0,0,1,0,0,1,1
292,1,0,1,1,1,1,0,0,1,0,0,1
293,1,1,0,1,1,0,1,1,1,0,0,0
294,1,0,1,0,1,1,1,0,1,0,0,0
295,1,0,0,0,0,1,0,0,0,1,1,1
296,1,0,1,0,0,0,1,0,0,0,1,1
297,1,0,0,0,0,0,0,0,0,1,1,1
298,1,1,1,0,1,0,1,1,1,0,1,0
299,1,1,0,0,0,0,0,1,0,0,1,1
300,0,0,1,0,0,0,0,0,0,1,1,1
301,0,0,1,1,1,0,0,0,1,1,0,1
302,0,1,0,1,0,1,1,1,0,1,0,0
303,0,0,0,1,1,0,0,1,1,1,0,0
304,0,0,1,1,1,1,1,0,1,1,0,0
305,0,0,0,1,1,1,1,1,0,1,0,0
306,1,1,1,1,0,1,1,0,0,0,0,1
307,1,1,0,1,0,1,0,1,0,0,0,1
308,0,1,1,0,0,1,0,0,1,0,1,1
309,1,0,0,0,0,1,1,0,0,1,1,1
310,1,1,0,0,1,1,0,0,0,0,0,1
311,1,1,1,0,0,0,0,1,0,0,1,1
312,0,0,0,0,0,0,1,1,0,1,1,0
313,0,0,1,0,1,1,0,1,0,1,0,1
314,1,1,0,1,1,0,0,1,1,0,0,0
315,1,1,1,1,0,0,0,0,1,0,1,1
316,1,1,1,0,0,1,1,1,0,0,1,0
317,0,0,0,1,1,0,1,0,0,1,0,1
318,1,0,0,1,1,1,0,1,0,1,0,1
319,0,0,1,1,0,1,0,0,1,1,0,1
320,0,1,0,1,1,1,1,1,0,1,0,0
321,1,0,1,0,1,0,0,1,0,0,1,1
322,0,0,0,1,0,0,1,0,1,1,1,0
323,1,0,0,1,1,0,1,0,1,1,0,0
324,0,0,0,1,0,0,0,0,0,1,1,1
325,0,1,0,0,0,1,0,0,0,1,1,1
326,1,1,0,0,1,1,1,1,0,0,0,0
327,0,1,1,1,0,0,0,1,1,0,1,0
328,0,1,1,1,0,0,0,0,0,0,1,1
329,1,0,1,1,1,1,0,0,1,0,0,1
330,0,1,0,1,1,0,1,0,0,1,0,1
331,1,0,1,0,0,0,1,0,0,0,1,1
332,0,1,0,1,0,1,0,0,1,1,0,1
333,1,0,1,1,0,0,0,0,0,0,1,1
334,0,1,1,1,0,0,0,1,1,0,1,0
335,1,1,0,0,0,1,0,0,1,0,1,1
336,0,1,1,1,0,1,0,1,0,0,0,1
337,1,1,1,0,1,0,1,0,1,0,1,0
338,0,1,0,0,1,1,0,1,0,1,0,1
339,0,0,0,1,1,0,1,0,1,1,0,0
340,1,0,0,0,0,1,0,1,0,1,1,1
341,1,0,0,1,0,0,0,0,1,1,1,1
342,0,1,0,0,1,1,1,1,1,1,0,0
343,0,1,1,0,1,0,0,0,1,0,1,1
344,1,1,0,1,0,1,1,0,0,0,0,1
345,1,1,1,1,1,1,0,1,1,0,0,0
346,1,1,0,1,0,0,0,1,1,0,1,0
347,1,1,0,0,0,0,1,1,1,0,1,0
348,1,1,1,0,1,1,0,1,0,0,0,1
349,0,0,1,1,1,1,1,1,1,1,0,0
350,0,0,0,1,0,0,0,1,0,1,1,1
351,1,0,0,0,1,1,0,1,0,1,0,1
352,0,1,1,1,1,0,0,1,1,0,0,0
353,0,1,1,1,1,1,0,0,0,0,0,1
354,0,0,1,1,1,1,1,1,1,1,0,0
355,1,0,1,0,0,0,0,1,0,0,1,1
356,1,1,1,0,0,0,1,0,0,0,1,1
357,1,0,0,0,1,1,0,1,1,1,0,0
358,1,0,0,1,1,0,1,1,0,1,0,0
359,1,1,1,1,1,1,0,0,1,0,0,1
360,0,1,0,1,0,0,0,1,1,1,1,0
361,0,0,1,0,1,1,0,1,0,1,0,1
362,0,1,1,1,1,1,1,0,1,0,0,0
363,1,0,1,0,1,0,1,0,0,0,1,1
364,0,1,0,0,0,0,1,0,1,1,1,0
365,1,0,0,0,1,0,1,0,0,1,1,1
366,0,1,0,1,1,0,1,1,0,1,0,0
367,1,0,0,1,1,1,0,1,1,1,0,0
368,1,1,0,1,1,1,1,1,1,0,0,0
369,0,1,1,1,1,1,0,1,0,0,0,1
370,0,0,0,0,1,0,1,0,1,1,1,0
371,1,0,1,1,0,1,1,1,1,0,0,0
372,0,1,0,1,0,1,0,1,1,1,0,0
373,1,1,1,1,1,1,1,1,1,0,0,0
374,1,1,0,0,0,0,0,0,0,0,1,1
375,0,1,0,0,1,1,1,1,0,1,0,0
376,0,0,1,1,0,1,0,0,0,1,0,1
377,0,0,0,1,1,1,1,1,0,1,0,0
378,1,0,1,0,0,0,0,0,1,0,1,1
379,0,0,1,1,0,0,0,0,1,1,1,1
380,0,1,0,1,0,0,1,1,1,1,1,0
381,1,1,1,0,1,1,1,0,1,0,0,0
382,0,0,1,0,1,0,0,0,1,1,1,1
383,1,0,0,0,1,1,0,1,1,1,0,0
384,0,1,0,0,1,1,0,0,0,1,0,1
385,1,1,0,0,0,1,0,1,0,0,1,1
386,1,0,0,1,0,0,1,1,0,1,1,0
387,0,0,1,1,0,0,1,0,0,1,1,1
388,0,1,0,1,1,0,1,1,0,1,0,0
389,0,0,1,0,1,1,0,1,1,1,0,0
390,1,1,1,0,1,0,0,0,0,0,1,1
391,1,1,1,0,1,0,0,0,1,0,1,1
392,0,0,1,1,0,0,0,0,0,1,1,1
393,1,0,0,0,1,1,0,0,1,1,0,1
394,0,0,1,1,1,1,0,1,0,1,0,1
395,0,0,1,0,0,1,1,1,1,1,1,0
396,0,1,1,1,0,1,1,0,0,0,0,1
397,1,1,0,1,0,1,1,1,1,0,0,0
398,1,1,0,1,1,0,1,0,0,0,0,1
399,1,0,1,1,0,1,0,0,1,0,0,1
400,0,1,1,0,1,0,0,0,1,0,1,1
401,0,1,0,1,0,0,0,1,1,1,1,0
402,1,1,1,0,0,1,1,0,0,0,1,1
403,0,0,1,0,1,1,1,1,1,1,0,0
404,1,0,0,1,0,1,0,1,0,1,0,1
405,0,1,0,1,0,0,1,0,1,1,1,0
406,0,0,1,0,1,1,1,1,1,1,0,0
407,0,1,0,1,1,1,1,1,0,1,0,0
408,1,0,1,0,1,0,1,0,1,0,1,0
409,0,0,1,1,1,1,0,1,0,1,0,1
410,0,0,0,0,1,0,0,1,1,1,1,0
411,1,1,1,0,0,1,1,1,0,0,1,0
412,1,1,1,1,0,0,0,1,1,0,1,0
413,1,0,0,1,0,0,0,0,1,1,1,1
414,1,1,0,1,0,1,0,1,0,0,0,1
415,1,1,0,1,0,1,0,1,1,0,0,0
416,1,0,1,1,0,0,1,0,1,0,1,0
417,0,1,1,0,1,0,1,1,0,0,1,0
418,1,0,1,1,0,0,0,1,0,0,1,1
419,1,0,1,1,0,0,0,1,0,0,1,1
420,0,0,0,1,1,1,0,1,0,1,0,1
421,0,1,0,0,0,0,0,1,1,1,1,0
422,0,1,1,1,0,0,0,0,0,0,1,1
423,0,1,0,0,1,1,0,0,1,1,0,1
424,1,1,1,1,0,1,0,1,1,0,0,0
425,1,0,0,1,0,1,0,0,1,1,0,1
426,1,1,0,0,0,0,0,0,1,0,1,1
427,0,1,1,1,1,1,1,1,1,0,0,0
428,1,1,1,1,0,0,0,1,0,0,1,1
429,1,0,1,0,1,0,0,1,1,0,1,0
430,1,0,1,1,1,1,0,1,1,0,0,0
431,0,1,0,1,1,0,0,0,0,1,0,1
432,0,1,0,0,0,1,0,0,1,1,1,1
433,0,1,1,0,0,1,1,1,0,0,1,0
434,1,0,1,0,0,1,0,0,0,0,1,1
435,0,1,1,0,0,1,1,1,0,0,1,0
436,1,1,0,0,0,0,0,0,0,0,1,1
437,1,1,0,0,1,0,1,0,0,0,1,1
438,1,1,0,1,0,0,1,0,1,0,1,0
439,1,1,1,0,1,1,1,0,0,0,0,1
440,0,0,0,0,1,1,0,0,1,1,0,1
441,0,1,1,1,0,0,0,1,0,0,1,1
442,1,0,1,1,1,0,0,0,0,0,0,1
443,1,1,0,1,0,0,1,0,0,0,1,1
444,1,0,1,1,0,1,1,1,1,0,0,0
445,1,0,0,1,1,0,1,1,0,1,0,0
446,0,1,0,1,1,1,1,1,1,1,0,0
447,0,1,1,1,1,0,1,1,0,0,0,0
448,0,0,1,0,0,0,1,0,0,1,1,1
449,0,1,0,0,0,0,1,1,1,1,1,0
450,1,1,0,0,1,1,0,0,0,0,0,1
451,0,0,0,0,0,1,0,1,1,1,1,0
452,1,0,1,1,0,0,1,1,0,0,1,0
453,0,1,1,1,0,1,0,0,0,0,0,1
454,1,1,0,0,1,1,0,1,1,0,0,0
455,1,1,0,1,1,0,0,1,0,0,0,1
456,1,0,1,0,0,1,1,1,0,0,1,0
457,1,1,1,0,0,0,1,1,1,0,1,0
458,0,0,0,1,1,0,0,1,1,1,0,0
459,0,1,0,0,1,0,0,0,0,1,1,1
460,1,1,0,1,0,1,1,1,1,0,0,0
461,1,0,1,0,0,1,1,1,1,0,1,0
462,1,0,0,1,0,0,1,0,0,1,1,1
463,1,0,0,1,1,0,1,1,0,1,0,0
464,0,1,0,0,1,1,0,1,0,1,0,1
465,1,0,1,1,0,0,1,0,0,0,1,1
466,1,1,1,0,0,0,1,0,1,0,1,0
467,0,0,0,0,0,1,1,0,0,1,1,1
468,0,0,1,0,1,1,1,0,0,1,0,1
469,1,1,1,0,1,1,1,1,0,0,0,0
470,0,0,1,0,1,1,0,1,1,1,0,0
471,0,1,1,1,0,0,0,1,1,0,1,0
472,0,1,1,1,0,0,0,0,1,0,1,1
473,1,1,1,1,0,0,0,0,0,0,1,1
474,1,0,1,1,1,0,0,1,0,0,0,1
475,0,0,1,1,0,1,0,0,1,1,0,1
476,1,0,1,1,0,0,0,1,0,0,1,1
477,0,1,0,1,1,1,1,1,0,1,0,0
478,0,0,0,0,1,1,0,1,0,1,0,1
479,0,0,1,0,1,0,0,1,1,1,1,0
480,0,0,1,0,1,0,0,1,1,1,1,0
481,1,0,1,1,0,0,1,0,0,0,1,1
482,0,0,1,1,1,0,1,1,1,1,0,0
483,1,0,1,1,1,0,1,1,1,0,0,0
484,1,0,1,1,1,0,1,0,0,0,0,1
485,0,0,1,0,1,1,1,1,0,1,0,0
486,1,1,0,0,1,0,1,1,1,0,1,0
487,0,0,1,1,1,1,1,1,1,1,0,0
488,0,1,0,0,0,0,0,0,0,1,1,1
489,0,1,0,1,1,0,0,1,1,1,0,0
490,1,1,1,1,0,0,1,0,0,0,1,1
491,1,1,1,1,0,0,0,1,1,0,1,0
492,0,1,0,1,0,0,1,1,0,1,1,0
493,1,1,0,0,0,0,1,1,0,0,1,0
494,1,0,0,1,1,0,0,1,1,1,0,0
495,1,1,1,0,0,1,1,0,0,0,1,1
496,0,0,0,0,0,0,1,0,0,1,1,1
497,0,0,0,0,1,0,1,0,0,1,1,1
498,1,0,1,0,0,1,1,0,1,0,1,0
499,0,0,0,0,0,1,0,1,0,1,1,1
500,1,1,1,0,1,1,0,1,0,0,0,1
501,0,0,1,1,0,0,1,0,0,1,1,1
502,0,1,1,1,0,1,1,1,1,0,0,0
503,0,0,1,1,1,0,0,0,1,1,0,1
504,1,1,1,0,1,1,0,0,0,0,0,1
505,1,0,1,0,1,0,1,0,0,0,1,1
506,0,0,0,0,1,1,1,1,0,1,0,0
507,0,1,1,0,0,1,1,0,0,0,1,1
508,0,0,1,0,1,0,0,0,0,1,1,1
509,1,1,0,0,0,0,1,0,1,0,1,0
510,0,0,0,0,1,0,1,0,0,1,1,1
511,0,0,1,0,1,1,1,1,1,1,0,0
512,0,1,1,1,1,1,0,0,0,0,0,1
513,1,1,0,1,0,0,0,1,1,0,1,0
514,1,1,1,0,0,1,0,1,0,0,1,1
515,1,0,1,0,0,0,0,1,0,0,1,1
516,1,1,0,0,1,1,1,0,1,0,0,0
517,1,1,1,0,1,1,1,0,1,0,0,0
518,0,0,1,0,1,1,1,0,1,1,0,0
519,0,0,1,0,1,0,0,1,0,1,1,1
520,1,0,1,1,0,0,0,0,0,0,1,1
521,1,1,1,1,1,1,0,0,1,0,0,1
522,1,0,1,1,0,0,1,1,0,0,1,0
523,0,0,0,1,0,1,0,0,0,1,0,1
524,1,1,1,1,1,1,1,1,0,0,0,0
525,1,1,1,0,0,1,0,1,1,0,1,0
526,1,1,0,1,0,0,1,1,1,0,1,0
527,0,1,1,1,0,0,1,1,0,0,1,0
528,0,1,0,0,0,0,1,0,0,1,1,1
529,1,1,0,1,1,0,0,1,0,0,0,1
530,0,1,0,1,1,1,0,0,1,1,0,1
531,0,1,1,1,0,1,0,1,0,0,0,1
532,0,0,1,0,1,1,0,1,0,1,0,1
533,1,1,0,1,0,0,1,1,0,0,1,0
534,0,0,0,1,0,1,1,1,0,1,0,0
535,0,1,0,1,0,1,0,1,1,1,0,0
536,0,1,1,1,1,0,1,0,1,0,0,0
537,0,0,0,0,0,0,1,1,0,1,1,0
538,0,0,1,1,0,1,0,0,1,1,0,1
539,1,1,0,0,0,1,1,0,0,0,1,1
540,0,0,1,1,0,1,1,0,1,1,0,0
541,1,1,0,1,1,0,0,0,0,0,0,1
542,1,0,1,0,0,1,1,0,1,0,1,0
543,1,1,0,0,0,0,1,0,1,0,1,0
544,1,0,1,0,1,0,1,0,1,0,1,0
545,1,0,1,1,0,0,0,1,0,0,1,1
546,1,1,1,0,0,0,0,0,1,0,1,1
547,1,1,1,1,1,0,1,1,0,0,0,0
548,1,0,1,1,0,1,0,0,1,0,0,1
549,0,1,1,1,0,0,1,0,0,0,1,1
550,0,1,0,1,0,1,1,1,1,1,0,0
551,1,0,1,1,1,0,1,1,1,0,0,0
552,1,0,1,1,0,1,0,1,1,0,0,0
553,1,0,1,0,0,1,0,0,1,0,1,1
554,0,0,1,0,0,0,0,1,0,1,1,1
555,0,0,1,0,0,1,1,1,0,1,1,0
556,1,1,1,1,1,1,1,1,0,0,0,0
557,0,0,1,1,0,1,1,0,1,1,0,0
558,0,1,1,1,1,1,1,0,0,0,0,1
559,0,0,1,0,0,0,1,1,1,1,1,0
560,1,0,1,0,1,1,0,1,1,0,0,0
561,1,1,0,0,1,0,0,0,1,0,1,1
562,0,1,1,0,1,0,0,0,1,0,1,1
563,1,1,1,0,0,1,1,0,0,0,1,1
564,1,0,1,0,1,1,1,0,0,0,0,1
565,0,1,1,0,0,0,0,0,1,0,1,1
566,1,1,0,1,0,1,0,1,0,0,0,1
567,1,0,1,1,0,0,1,0,1,0,1,0
568,0,0,1,0,1,0,1,1,0,1,1,0
569,0,0,1,1,0,1,1,0,1,1,0,0
570,0,1,1,1,1,1,0,0,0,0,0,1
571,1,1,1,1,0,0,0,0,1,0,1,1
572,1,1,1,0,1,0,1,0,0,0,1,1
573,0,1,0,0,0,1,0,1,1,1,1,0
574,1,0,0,1,1,0,0,0,1,1,0,1
575,0,1,0,1,1,0,0,0,0,1,0,1
576,0,1,0,0,0,0,0,0,1,1,1,1
577,0,1,0,0,1,0,1,1,1,1,1,0
578,1,0,1,1,0,1,0,1,1,0,0,0
579,1,1,0,0,0,0,0,1,1,0,1,0
580,1,0,1,0,1,1,0,1,0,0,0,1
581,1,0,0,1,1,0,1,0,0,1,0,1
582,1,0,0,0,0,0,0,1,1,1,1,0
583,1,0,1,0,1,1,0,1,1,0,0,0
584,0,1,0,1,1,0,0,0,1,1,0,1
585,0,1,1,1,1,1,1,0,1,0,0,0
586,0,1,0,1,1,0,1,0,1,1,0,0
587,0,1,1,0,1,1,0,0,1,0,0,1
588,1,0,1,1,0,1,0,1,1,0,0,0
589,1,1,0,1,1,0,0,1,0,0,0,1
590,0,0,0,0,1,1,1,1,0,1,0,0
591,1,1,1,1,0,1,1,1,1,0,0,0
592,0,1,1,0,0,1,0,1,0,0,1,1
593,1,0,0,0,0,1,1,1,1,1,1,0
594,1,0,0,0,0,0,1,0,1,1,1,0
595,1,0,0,0,1,0,1,1,1,1,1,0
596,0,1,0,0,1,1,0,0,1,1,0,1
597,0,0,1,0,1,1,1,0,0,1,0,1
598,1,1,0,0,0,1,1,1,1,0,1,0
599,0,0,1,0,0,0,1,0,1,1,1,0
600,1,1,1,1,1,0,1,1,1,0,0,0
601,1,0,1,1,0,1,1,0,0,0,0,1
602,1,1,1,1,0,0,0,0,0,0,1,1
603,1,1,0,1,1,1,1,0,0,0,0,1
604,0,0,0,0,0,0,1,0,1,1,1,0
605,0,1,1,1,0,1,1,0,1,0,0,0
606,1,0,0,1,0,0,1,1,1,1,1,0
607,0,1,1,1,0,0,0,1,1,0,1,0
608,0,1,1,1,0,1,0,0,0,0,0,1
609,0,1,0,0,1,0,1,0,1,1,1,0
610,1,0,0,1,0,1,1,1,0,1,0,0
611,1,0,1,0,0,1,0,1,0,0,1,1
612,1,1,0,1,1,1,0,0,0,0,0,1
613,0,1,1,0,0,1,0,0,1,0,1,1
614,1,1,1,0,0,1,1,0,0,0,1,1
615,0,0,0,0,0,0,0,1,0,1,1,1
616,1,0,1,1,0,1,0,0,1,0,0,1
617,0,1,0,1,1,0,1,1,0,1,0,0
618,1,0,0,1,1,1,1,0,1,1,0,0
619,0,0,1,0,0,1,1,1,0,1,1,0
620,0,1,0,1,0,0,0,0,0,1,1,1
621,1,1,0,1,1,1,1,0,1,0,0,0
622,0,1,0,0,0,1,1,0,1,1,1,0
623,0,0,1,1,1,1,1,0,1,1,0,0
624,1,0,1,1,1,0,0,0,1,0,0,1
625,1,1,0,0,0,0,1,1,1,0,1,0
626,1,0,1,0,1,1,1,0,0,0,0,1
627,1,1,1,1,1,1,1,0,1,0,0,0
628,0,1,0,1,0,1,0,1,1,1,0,0
629,1,0,1,1,0,1,0,1,1,0,0,0
630,0,1,0,0,0,0,1,1,1,1,1,0
631,1,0,1,1,1,0,0,1,1,0,0,0
632,1,0,0,1,0,0,0,1,1,1,1,0
633,0,1,1,1,1,0,1,0,0,0,0,1
634,0,1,0,1,0,1,0,1,1,1,0,0
635,0,0,1,1,0,0,0,0,0,1,1,1
636,0,0,1,1,1,1,1,0,0,1,0,1
637,1,0,1,1,1,0,0,0,1,0,0,1
638,0,1,1,1,1,1,0,1,0,0,0,1
639,0,0,0,0,0,1,1,0,1,1,1,0
640,0,1,1,0,1,1,0,1,1,0,0,0
641,1,0,1,1,1,1,0,1,1,0,0,0
642,0,0,1,0,0,1,1,0,0,1,1,1
643,0,0,0,0,1,0,1,1,1,1,1,0
644,0,1,1,1,0,1,1,0,0,0,0,1
645,0,1,0,1,1,1,1,0,0,1,0,1
646,1,0,0,0,0,1,0,0,0,1,1,1
647,1,0,1,1,1,0,0,0,1,0,0,1
648,1,0,1,1,1,1,1,1,1,0,0,0
649,1,1,1,1,0,1,0,1,1,0,0,0
650,0,1,0,0,0,0,0,1,0,1,1,1
651,1,1,1,0,0,1,1,0,1,0,1,0
652,0,1,1,1,0,0,0,1,1,0,1,0
653,1,1,0,0,1,1,1,0,1,0,0,0
654,1,1,1,1,1,0,1,1,0,0,0,0
655,1,0,1,0,1,0,0,1,0,0,1,1
656,1,0,0,1,1,1,0,0,0,1,0,1
657,1,0,1,0,0,1,1,0,0,0,1,1
658,0,0,1,0,1,1,1,1,1,1,0,0
659,1,0,1,0,0,1,0,0,0,0,1,1
660,1,1,0,0,1,1,0,0,0,0,0,1
661,0,1,1,1,0,0,1,1,0,0,1,0
662,0,0,1,0,1,0,1,1,0,1,1,0
663,1,1,0,1,1,0,0,1,0,0,0,1
664,0,0,1,1,1,1,0,0,1,1,0,1
665,1,1,0,1,1,0,0,1,0,0,0,1
666,1,1,0,0,0,0,1,0,0,0,1,1
667,1,1,1,1,0,1,1,0,0,0,0,1
668,0,0,1,1,0,0,0,1,1,1,1,0
669,1,1,0,0,1,0,1,0,0,0,1,1
670,1,1,0,1,1,1,1,1,0,0,0,0
671,0,0,1,0,1,1,1,1,0,1,0,0
672,0,0,1,0,0,0,1,0,1,1,1,0
673,1,1,1,0,0,1,0,1,1,0,1,0
674,1,1,1,1,1,1,0,1,0,0,0,1
675,0,0,0,1,0,1,0,0,0,1,0,1
676,0,1,0,0,1,0,0,0,0,1,1,1
677,1,0,0,0,1,0,1,0,0,1,1,1
678,1,0,0,1,1,0,0,0,1,1,0,1
679,1,1,1,1,1,1,1,1,0,0,0,0
680,0,1,1,1,0,1,0,0,1,0,0,1
681,1,0,0,1,1,0,1,1,0,1,0,0
682,1,1,1,0,0,0,0,1,1,0,1,0
683,0,1,0,0,1,0,0,1,1,1,1,0
684,1,0,0,1,1,1,0,1,1,1,0,0
685,1,0,0,0,0,1,1,0,1,1,1,0
686,0,0,0,1,1,1,0,0,0,1,0,1
687,0,1,1,1,1,0,0,0,1,0,0,1
688,0,1,0,0,0,0,1,1,1,1,1,0
689,1,1,0,0,1,1,0,0,0,0,0,1
690,0,1,1,0,0,0,0,1,1,0,1,0
691,0,1,1,1,1,0,1,0,0,0,0,1
692,1,0,0,1,0,1,0,1,0,1,0,1
693,0,1,1,0,1,0,1,0,0,0,1,1
694,1,0,0,1,0,0,0,1,1,1,1,0
695,0,1,1,1,0,0,1,1,1,0,1,0
696,0,1,1,1,0,1,1,1,0,0,0,0
697,0,1,0,1,0,0,0,1,0,1,1,1
698,0,0,0,1,0,0,0,1,1,1,1,0
699,1,0,0,0,0,0,1,1,1,1,1,0
700,0,0,1,1,0,1,0,0,0,1,0,1
701,0,0,0,1,1,0,1,1,0,1,0,0
702,0,1,1,0,1,0,0,1,0,0,1,1
703,0,1,1,1,0,0,0,1,0,0,1,1
704,1,0,0,0,1,1,1,1,0,1,0,0
705,0,0,1,0,1,1,0,0,0,1,0,1
706,1,1,0,0,0,0,0,0,1,0,1,1
707,1,1,0,0,0,1,0,1,1,0,1,0
708,1,0,1,1,0,1,0,1,0,0,0,1
709,1,1,0,1,0,0,0,0,0,0,1,1
710,0,0,1,0,0,1,1,0,0,1,1,1
711,1,1,1,0,0,1,0,0,0,0,1,1
712,0,1,1,0,1,0,1,1,0,0,1,0
713,0,0,1,0,0,1,1,1,1,1,1,0
714,0,0,0,1,1,0,1,1,1,1,0,0
715,0,0,0,0,0,1,1,0,1,1,1,0
716,1,0,0,0,0,1,1,1,1,1,1,0
717,1,0,0,0,0,0,0,1,0,1,1,1
718,1,0,1,1,1,0,1,0,0,0,0,1
719,1,1,1,0,0,0,1,0,0,0,1,1
720,1,1,0,0,1,1,0,1,0,0,0,1
721,1,1,1,1,1,1,1,1,0,0,0,0
722,1,0,1,0,1,0,0,0,0,0,1,1
723,1,1,1,0,0,1,1,1,0,0,1,0
724,0,0,0,1,1,1,0,0,0,1,0,1
725,1,0,0,1,1,1,0,0,1,1,0,1
726,1,0,0,0,1,1,1,1,0,1,0,0
727,0,1,1,1,0,0,0,0,1,0,1,1
728,1,1,1,1,1,1,1,0,1,0,0,0
729,1,1,0,0,0,1,0,1,1,0,1,0
730,0,0,1,1,1,1,0,0,1,1,0,1
731,1,1,1,0,1,1,1,1,0,0,0,0
732,1,1,1,0,1,0,0,0,1,0,1,1
733,0,1,0,1,0,0,0,0,0,1,1,1
734,1,1,0,0,0,1,1,1,0,0,1,0
735,0,0,0,1,0,0,0,0,0,1,1,1
736,0,1,0,1,1,0,0,0,1,1,0,1
737,1,1,1,1,1,0,1,0,1,0,0,0
738,1,0,1,0,1,1,1,1,1,0,0,0
739,1,1,1,0,0,1,1,1,1,0,1,0
740,0,0,0,0,1,1,0,1,0,1,0,1
741,0,1,0,0,0,0,0,1,1,1,1,0
742,1,0,1,1,1,1,0,1,0,0,0,1
743,0,1,0,0,0,0,1,1,1,1,1,0
744,1,0,0,1,1,1,0,1,1,1,0,0
745,1,1,0,1,1,0,1,0,0,0,0,1
746,1,1,1,0,1,0,1,1,1,0,1,0
747,0,0,0,1,1,1,0,1,0,1,0,1
748,1,0,0,1,0,0,1,0,1,1,1,0
749,0,1,0,0,1,0,1,1,1,1,1,0
750,1,1,1,1,0,0,1,1,0,0,1,0
751,1,0,1,1,1,1,1,1,0,0,0,0
752,0,1,0,1,0,1,0,0,0,1,0,1
753,0,1,0,0,0,0,1,1,1,1,1,0
754,1,1,0,1,1,1,0,1,1,0,0,0
755,1,0,0,0,0,0,1,0,0,1,1,1
756,1,0,1,1,0,0,1,0,0,0,1,1
757,1,0,0,0,0,1,0,1,0,1,1,1
758,0,0,1,1,0,1,0,0,0,1,0,1
759,0,1,0,0,0,1,1,1,1,1,1,0
760,1,0,0,1,1,0,0,0,0,1,0,1
761,1,0,1,0,1,0,1,0,0,0,1,1
762,0,0,0,1,1,1,1,1,1,1,0,0
763,0,0,0,1,1,0,1,1,1,1,0,0
764,0,1,0,1,0,1,0,0,1,1,0,1
765,1,1,1,1,1,0,1,0,0,0,0,1
766,1,1,1,0,0,1,0,0,1,0,1,1
767,1,1,0,0,0,1,0,0,1,0,1,1
768,0,1,1,1,0,0,0,0,1,0,1,1
769,0,0,0,0,1,1,1,0,0,1,0,1
770,0,0,0,1,0,0,0,0,1,1,1,1
771,1,1,0,0,0,1,1,1,0,0,1,0
772,1,0,0,0,1,1,0,0,1,1,0,1
773,0,1,1,0,1,0,0,0,1,0,1,1
774,1,1,0,1,0,0,1,0,1,0,1,0
775,1,1,0,0,1,0,0,1,0,0,1,1
776,0,1,0,0,0,0,1,0,1,1,1,0
777,0,0,1,0,0,0,1,0,0,1,1,1
778,1,1,1,1,0,0,0,1,0,0,1,1
779,0,1,0,0,0,1,0,1,1,1,1,0
780,1,0,0,0,1,1,1,0,0,1,0,1
781,1,1,0,1,0,1,1,1,0,0,0,0
782,0,0,0,1,1,0,0,1,1,1,0,0
783,1,0,0,0,0,0,0,1,0,1,1,1
784,1,0,1,0,1,1,0,1,0,0,0,1
785,0,0,0,0,0,1,0,1,1,1,1,0
786,1,0,1,0,0,1,1,0,1,0,1,0
787,1,0,1,0,1,0,0,0,0,0,1,1
788,1,0,0,1,1,1,0,1,0,1,0,1
789,1,1,0,0,0,0,1,1,0,0,1,0
790,1,0,1,0,1,0,0,1,0,0,1,1
791,1,0,1,0,1,0,0,0,0,0,1,1
792,0,1,1,0,0,0,1,1,0,0,1,0
793,1,0,0,0,0,0,0,1,1,1,1,0
794,1,0,0,1,1,1,1,1,0,1,0,0
795,1,1,0,1,1,0,0,0,1,0,0,1
796,0,1,1,0,0,0,1,0,1,0,1,0
797,0,0,0,1,1,0,1,1,1,1,0,0
798,1,1,0,0,0,0,0,1,0,0,1,1
799,1,0,1,0,1,1,0,1,1,0,0,0
800,0,0,1,1,1,0,0,1,0,1,0,1
801,0,1,1,0,1,1,0,0,0,0,0,1
802,1,0,1,0,0,1,0,0,0,0,1,1
803,1,1,0,0,0,1,1,0,0,0,1,1
804,0,0,1,0,0,1,1,1,1,1,1,0
805,1,0,1,1,1,0,1,1,1,0,0,0
806,0,1,0,0,1,1,0,1,1,1,0,0
807,1,1,1,0,1,1,1,0,0,0,0,1
808,1,0,0,0,0,1,1,0,1,1,1,0
809,0,1,0,0,1,1,0,1,0,1,0,1
810,1,0,0,0,1,1,1,1,1,1,0,0
811,1,0,1,1,1,1,0,0,0,0,0,1
812,0,0,0,1,0,1,1,1,1,1,0,0
813,1,1,0,0,1,1,0,1,1,0,0,0
814,0,0,0,0,1,0,1,1,1,1,1,0
815,0,1,0,0,1,0,0,1,1,1,1,0
816,0,0,0,0,0,1,0,1,0,1,1,1
817,1,0,0,0,0,0,0,1,1,1,1,0
818,1,0,1,1,1,1,1,1,0,0,0,0
819,0,0,1,1,1,1,0,1,1,1,0,0
820,1,1,1,1,0,0,0,1,1,0,1,0
821,0,1,0,0,0,1,1,1,1,1,1,0
822,0,0,0,0,0,1,0,0,1,1,1,1
823,1,0,0,1,1,0,1,1,1,1,0,0
824,0,1,0,0,0,1,1,1,1,1,1,0
825,1,0,0,1,0,0,1,0,0,1,1,1
826,0,1,1,0,1,0,0,0,0,0,1,1
827,0,1,1,1,1,0,1,0,0,0,0,1
828,1,1,1,0,1,0,1,0,1,0,1,0
829,0,0,1,1,1,1,0,1,0,1,0,1
830,0,1,0,0,0,1,0,0,0,1,1,1
831,0,0,1,0,1,0,1,1,1,1,1,0
832,1,0,1,1,1,0,0,0,1,0,0,1
833,1,0,1,1,1,1,1,0,0,0,0,1
834,0,1,0,1,1,1,1,0,1,1,0,0
835,1,0,0,0,0,0,1,1,1,1,1,0
836,1,1,0,1,1,0,1,0,0,0,0,1
837,0,0,0,1,1,0,1,0,1,1,0,0
838,0,1,0,0,0,0,0,1,0,1,1,1
839,0,1,1,1,1,1,1,0,1,0,0,0
840,1,0,1,1,1,1,1,1,0,0,0,0
841,0,0,1,0,0,0,1,0,0,1,1,1
842,1,0,0,0,1,1,0,0,1,1,0,1
843,0,0,0,0,0,1,1,1,1,1,1,0
844,1,1,0,1,0,0,0,0,0,0,1,1
845,0,1,0,1,1,1,1,1,1,1,0,0
846,1,1,1,1,0,0,0,1,1,0,1,0
847,1,0,1,0,0,1,0,0,0,0,1,1
848,1,1,0,0,1,0,1,0,1,0,1,0
849,1,1,0,0,1,0,0,1,1,0,1,0
850,1,1,0,0,0,0,1,1,0,0,1,0
851,0,1,0,0,1,1,0,1,0,1,0,1
852,1,1,1,1,0,0,0,1,1,0,1,0
853,0,0,0,0,0,1,1,1,0,1,1,0
854,1,0,0,1,1,0,0,1,0,1,0,1
855,0,0,1,1,1,0,1,0,0,1,0,1
856,0,0,1,1,0,0,0,0,1,1,1,1
857,1,1,1,1,0,0,1,0,1,0,1,0
858,0,0,1,1,0,1,1,1,1,1,0,0
859,1,1,1,1,0,0,0,0,1,0,1,1
860,1,0,0,0,1,0,0,0,1,1,1,1
861,0,1,1,1,1,1,0,1,0,0,0,1
862,1,0,1,0,0,1,0,0,0,0,1,1
863,1,0,0,1,0,1,1,1,1,1,0,0
864,1,0,1,1,1,1,1,0,1,0,0,0
865,1,0,0,0,1,0,1,0,0,1,1,1
866,1,0,1,0,1,0,0,0,1,0,1,1
867,0,0,0,0,1,1,1,0,0,1,0,1
868,1,1,1,0,1,1,1,0,0,0,0,1
869,1,1,0,1,0,0,1,1,1,0,1,0
870,1,0,1,0,1,1,1,0,0,0,0,1
871,1,1,0,0,0,1,1,0,1,0,1,0
872,0,0,1,1,1,1,0,1,1,1,0,0
873,0,1,1,1,1,1,0,0,1,0,0,1
874,0,0,0,0,1,1,1,0,0,1,0,1
875,1,1,1,1,0,0,1,0,1,0,1,0
876,0,1,0,0,0,0,1,1,0,1,1,0
877,1,1,0,1,1,1,0,0,1,0,0,1
878,0,1,1,0,0,0,1,1,0,0,1,0
879,0,0,0,0,1,0,1,0,0,1,1,1
880,1,1,0,1,0,1,0,0,1,0,0,1
881,0,1,1,1,0,1,1,0,1,0,0,0
882,1,0,0,0,0,0,1,0,0,1,1,1
883,1,1,1,0,0,0,0,0,0,0,1,1
884,1,1,0,1,0,1,1,1,1,0,0,0
885,0,1,1,0,0,1,1,1,1,0,1,0
886,1,0,0,0,1,1,1,1,1,1,0,0
887,0,0,0,1,0,1,1,1,0,1,0,0
888,1,0,0,1,1,0,1,1,1,1,0,0
889,0,0,1,1,0,1,0,0,1,1,0,1
890,0,1,1,0,1,0,1,0,0,0,1,1
891,1,1,0,1,1,1,1,1,1,0,0,0
892,1,1,0,1,1,1,1,0,0,0,0,1
893,0,1,1,0,1,1,0,0,1,0,0,1
894,0,0,1,1,0,1,0,0,0,1,0,1
895,0,1,0,0,0,1,0,0,0,1,1,1
896,1,0,1,1,1,0,1,1,0,0,0,0
897,1,1,1,0,1,1,1,0,0,0,0,1
898,0,0,1,0,0,1,1,0,1,1,1,0
899,0,0,1,1,0,0,0,0,0,1,1,1
900,0,0,1,0,0,1,1,1,1,1,1,0
901,0,1,1,1,0,0,1,1,1,0,1,0
902,0,1,0,0,0,1,0,0,1,1,1,1
903,0,1,1,0,1,1,0,0,1,0,0,1
904,0,1,0,0,1,1,1,0,1,1,0,0
905,1,0,1,1,0,1,0,1,0,0,0,1
906,1,0,0,1,1,1,1,0,0,1,0,1
907,1,0,0,0,0,0,1,1,1,1,1,0
908,1,0,1,0,0,0,1,1,1,0,1,0
909,1,1,0,1,1,0,1,0,0,0,0,1
910,1,0,1,1,0,0,1,1,1,0,1,0
911,0,1,1,1,1,0,0,1,1,0,0,0
912,1,1,1,1,0,0,1,0,1,0,1,0
913,0,0,0,1,0,0,1,1,0,1,1,0
914,0,1,0,1,0,1,0,0,0,1,0,1
915,0,1,1,0,1,1,1,1,0,0,0,0
916,1,0,0,0,0,0,0,0,0,1,1,1
917,1,0,1,0,0,0,1,1,0,0,1,0
918,0,0,1,0,1,0,0,1,0,1,1,1
919,0,1,1,0,0,0,1,0,0,0,1,1
920,0,0,1,0,1,1,0,0,1,1,0,1
921,1,0,1,1,0,0,1,1,0,0,1,0
922,1,0,1,1,1,1,0,0,0,0,0,1
923,0,1,0,1,0,1,0,0,0,1,0,1
924,1,0,0,1,0,1,1,1,0,1,0,0
925,1,1,1,0,1,0,1,0,0,0,1,1
926,1,0,1,1,0,1,0,1,1,0,0,0
927,1,0,1,0,1,1,1,0,0,0,0,1
928,0,0,1,1,0,1,1,1,0,1,0,0
929,0,0,0,1,1,0,0,1,0,1,0,1
930,0,1,1,1,1,0,0,0,1,0,0,1
931,1,1,1,1,0,1,1,0,0,0,0,1
932,0,0,0,1,0,0,1,1,0,1,1,0
933,0,0,1,1,1,1,1,1,1,1,0,0
934,0,0,1,1,0,1,1,0,0,1,0,1
935,0,1,0,1,0,1,1,1,0,1,0,0
936,1,0,1,0,0,0,1,1,1,0,1,0
937,0,1,0,1,1,1,1,1,0,1,0,0
938,1,0,1,1,1,0,1,1,0,0,0,0
939,0,0,1,0,1,1,0,0,0,1,0,1
940,0,0,1,0,1,1,0,1,1,1,0,0
941,1,1,1,0,1,0,1,0,1,0,1,0
942,0,0,0,1,1,1,0,0,1,1,0,1
943,0,0,0,0,0,0,0,0,0,1,1,1
944,0,0,1,1,0,1,0,0,0,1,0,1
945,1,0,0,0,0,0,0,0,1,1,1,1
946,1,1,1,0,0,0,1,1,0,0,1,0
947,1,1,1,0,1,1,0,0,1,0,0,1
948,1,1,1,0,0,1,0,1,1,0,1,0
949,1,1,0,0,1,0,0,0,0,0,1,1
950,1,0,1,1,0,1,0,0,0,0,0,1
951,0,1,0,1,0,1,0,1,0,1,0,1
952,0,1,1,0,1,0,0,0,1,0,1,1
953,0,0,0,1,1,0,0,0,1,1,0,1
954,1,1,0,0,1,1,0,0,1,0,0,1
955,0,1,1,0,1,0,0,1,1,0,1,0
956,1,1,0,1,1,0,1,0,0,0,0,1
957,1,1,1,1,1,1,0,0,0,0,0,1
958,1,0,0,1,0,1,1,1,1,1,0,0
959,1,0,0,0,0,0,0,0,1,1,1,1
960,0,0,1,1,0,0,1,0,1,1,1,0
961,1,1,0,0,0,0,1,0,0,0,1,1
962,1,1,1,0,1,0,0,0,0,0,1,1
963,1,0,0,0,0,0,1,0,1,1,1,0
964,1,1,1,0,1,1,1,1,1,0,0,0
965,0,1,1,1,1,1,0,1,1,0,0,0
966,1,0,1,0,1,1,0,1,1,0,0,0
967,0,0,1,0,0,1,1,0,1,1,1,0
968,0,0,0,1,0,0,0,0,1,1,1,1
969,0,1,0,1,1,1,1,0,0,1,0,1
970,1,0,1,0,0,1,0,0,1,0,1,1
971,1,0,1,0,1,0,0,1,0,0,1,1
972,1,1,0,0,0,0,0,1,1,0,1,0
973,0,1,0,0,0,1,0,1,0,1,1,1
974,1,0,1,1,1,1,0,1,0,0,0,1
975,0,1,1,0,1,1,0,1,1,0,0,0
976,1,0,0,1,0,0,1,1,0,1,1,0
977,1,1,1,0,1,1,1,0,1,0,0,0
978,1,0,0,1,0,1,1,0,0,1,0,1
979,1,1,0,0,1,0,1,1,0,0,1,0
980,1,1,1,0,1,1,1,0,1,0,0,0
981,0,1,1,1,1,1,1,0,0,0,0,1
982,0,0,0,0,0,1,1,1,0,1,1,0
983,0,1,0,1,1,1,1,0,1,1,0,0
984,0,0,0,0,1,1,0,1,1,1,0,0
985,1,0,0,1,0,1,0,1,0,1,0,1
986,0,1,0,0,1,0,1,1,0,1,1,0
987,1,1,1,0,1,0,1,0,1,0,1,0
988,0,0,1,0,1,0,1,1,0,1,1,0
989,0,0,1,0,1,1,1,1,1,1,0,0
990,0,1,1,0,1,1,1,0,0,0,0,1
991,1,0,0,1,1,1,1,1,1,1,0,0
992,1,0,1,1,0,1,1,0,0,0,0,1
993,1,1,1,1,1,0,1,0,0,0,0,1
994,1,1,0,1,1,0,1,1,1,0,0,0
995,1,1,1,1,0,1,0,0,0,0,0,1
996,1,0,1,1,1,1,0,1,1,0,0,0
997,0,0,0,0,0,1,1,1,0,1,1,0
998,1,1,1,0,1,0,0,1,0,0,1,1
999,0,1,1,1,1,0,1,1,0,0,0,0
